{
"name": "_hexagon",
"flags": {
	"0": { "outline": [[0.287054,0.160585],[0.381686,0.324504],[0.387087,0.332848],[0.395272,0.338367],[0.405074,0.339717],[0.49473,0.339717],[0.5,0.344409],[0.499716,0.43378],[0.400087,0.433751],[0.390149,0.433097],[0.380304,0.431587],[0.370627,0.429232],[0.36119,0.426049],[0.352063,0.422063],[0.343313,0.417305],[0.335007,0.411809],[0.327204,0.405616],[0.319966,0.398772],[0.313347,0.391328],[0.307398,0.383342],[0.202671,0.202247],[0.198542,0.193184],[0.195211,0.183799],[0.192705,0.174161],[0.191041,0.164342],[0.190231,0.154416],[0.195691,0.15],[0.275385,0.15],[0.284248,0.151128]] },
	"1": { "outline": [[0.50001,-0.0397163],[0.400393,-0.0395905],[0.391102,-0.0362528],[0.384324,-0.0290748],[0.289685,0.134843],[0.285173,0.143697],[0.280655,0.15],[0.190998,0.15],[0.190506,0.140899],[0.191719,0.131015],[0.193782,0.121272],[0.196679,0.111744],[0.200389,0.102502],[0.204884,0.0936144],[0.304541,-0.0789258],[0.310121,-0.0871762],[0.316391,-0.0949135],[0.323308,-0.10208],[0.330818,-0.108621],[0.338865,-0.11449],[0.347388,-0.119643],[0.356325,-0.124041],[0.365609,-0.127653],[0.37517,-0.130448],[0.384935,-0.132406],[0.394831,-0.133512],[0.494453,-0.13378],[0.5,-0.129364]] },
	"2": { "outline": [[0.712963,0.139414],[0.618318,-0.0244997],[0.612917,-0.0328444],[0.604733,-0.0383649],[0.594931,-0.0397163],[0.505274,-0.0397164],[0.5,-0.044404],[0.500281,-0.13378],[0.59991,-0.13375],[0.609849,-0.133097],[0.619694,-0.131587],[0.629371,-0.129232],[0.638808,-0.126049],[0.647936,-0.122064],[0.656685,-0.117305],[0.664992,-0.111809],[0.672794,-0.105617],[0.680033,-0.0987725],[0.686652,-0.0913289],[0.692601,-0.0833427],[0.79733,0.0977541],[0.801459,0.106817],[0.804789,0.116203],[0.807295,0.125841],[0.808959,0.13566],[0.809769,0.145586],[0.804307,0.15],[0.724612,0.15],[0.715751,0.14887]] },
	"3": { "outline": [[0.691764,0.384568],[0.685709,0.392479],[0.678993,0.399836],[0.671666,0.406584],[0.663785,0.412675],[0.655408,0.418063],[0.646598,0.422708],[0.63742,0.426576],[0.627942,0.429637],[0.618234,0.431867],[0.608369,0.433249],[0.598421,0.433775],[0.508759,0.43378],[0.5,0.432576],[0.5,0.342919],[0.506759,0.339717],[0.596416,0.339717],[0.606104,0.337795],[0.613883,0.331717],[0.713652,0.15927],[0.71615,0.15],[0.805807,0.15],[0.809702,0.155913],[0.808763,0.165828],[0.806971,0.175624],[0.804339,0.18523],[0.800887,0.194572],[0.79664,0.203581]] }
},
"outline": [[0.697115,0.376163],[0.702093,0.36754],[0.70707,0.358918],[0.712048,0.350296],[0.717025,0.341674],[0.722003,0.333052],[0.72698,0.32443],[0.731957,0.315808],[0.736935,0.307186],[0.741912,0.298564],[0.74689,0.289942],[0.751867,0.28132],[0.756845,0.272698],[0.761822,0.264076],[0.7668,0.255454],[0.771777,0.246832],[0.776754,0.23821],[0.781732,0.229588],[0.786709,0.220966],[0.791687,0.212343],[0.796595,0.203667],[0.800846,0.194668],[0.804305,0.185336],[0.806945,0.17574],[0.808746,0.165951],[0.809696,0.156043],[0.809788,0.146089],[0.809021,0.136163],[0.807401,0.126342],[0.80494,0.116698],[0.801654,0.107304],[0.79757,0.0982286],[0.792753,0.0895041],[0.787776,0.0808822],[0.782798,0.0722604],[0.77782,0.0636385],[0.772842,0.0550167],[0.767864,0.0463949],[0.762886,0.037773],[0.757909,0.0291512],[0.752931,0.0205293],[0.747953,0.0119075],[0.742975,0.00328566],[0.737997,-0.00533618],[0.733019,-0.013958],[0.728042,-0.0225799],[0.723064,-0.0312017],[0.718086,-0.0398236],[0.713108,-0.0484454],[0.70813,-0.0570673],[0.703153,-0.0656891],[0.698175,-0.074311],[0.692966,-0.082803],[0.687066,-0.0908178],[0.680496,-0.0982933],[0.673302,-0.105174],[0.665541,-0.111409],[0.657271,-0.116951],[0.648556,-0.121758],[0.639458,-0.125797],[0.630046,-0.129035],[0.62039,-0.131448],[0.610562,-0.133017],[0.600634,-0.133732],[0.590666,-0.13378],[0.580711,-0.13378],[0.570755,-0.13378],[0.560799,-0.13378],[0.550844,-0.13378],[0.540888,-0.13378],[0.530932,-0.13378],[0.520977,-0.13378],[0.511021,-0.13378],[0.501065,-0.13378],[0.49111,-0.13378],[0.481154,-0.13378],[0.471198,-0.13378],[0.461243,-0.13378],[0.451287,-0.13378],[0.441332,-0.13378],[0.431376,-0.13378],[0.42142,-0.13378],[0.411465,-0.13378],[0.401503,-0.133774],[0.391562,-0.133243],[0.381704,-0.131855],[0.372003,-0.129622],[0.362533,-0.126558],[0.353362,-0.122689],[0.344559,-0.118043],[0.336189,-0.112656],[0.328315,-0.106567],[0.320995,-0.0998199],[0.314286,-0.0924655],[0.308236,-0.0845577],[0.302891,-0.0761565],[0.297913,-0.0675346],[0.292935,-0.0589128],[0.287957,-0.0502909],[0.28298,-0.041669],[0.278002,-0.0330472],[0.273024,-0.0244254],[0.268046,-0.0158035],[0.263068,-0.00718167],[0.25809,0.00144017],[0.253113,0.010062],[0.248135,0.0186839],[0.243157,0.0273057],[0.238179,0.0359275],[0.233201,0.0445494],[0.228223,0.0531712],[0.223246,0.061793],[0.218268,0.0704149],[0.21329,0.0790367],[0.208312,0.0876585],[0.203404,0.0963353],[0.199153,0.105334],[0.195694,0.114666],[0.193055,0.124263],[0.191254,0.134052],[0.190304,0.14396],[0.190213,0.153914],[0.190979,0.163839],[0.192599,0.17366],[0.195061,0.183304],[0.198346,0.192698],[0.202431,0.201773],[0.207248,0.210498],[0.212226,0.21912],[0.217203,0.227742],[0.222181,0.236363],[0.227159,0.244985],[0.232137,0.253607],[0.237115,0.262229],[0.242093,0.270851],[0.24707,0.279473],[0.252048,0.288095],[0.257026,0.296716],[0.262004,0.305338],[0.266982,0.31396],[0.27196,0.322582],[0.276937,0.331204],[0.281915,0.339826],[0.286893,0.348447],[0.291871,0.357069],[0.296849,0.365691],[0.301827,0.374313],[0.307036,0.382805],[0.312935,0.39082],[0.319506,0.398295],[0.3267,0.405176],[0.334461,0.411411],[0.342731,0.416952],[0.351447,0.42176],[0.360544,0.425797],[0.369956,0.429035],[0.379612,0.431448],[0.389441,0.433017],[0.399368,0.433732],[0.409336,0.43378],[0.419291,0.43378],[0.429247,0.43378],[0.439203,0.43378],[0.449158,0.43378],[0.459114,0.43378],[0.46907,0.43378],[0.479025,0.43378],[0.488981,0.43378],[0.498937,0.43378],[0.508892,0.43378],[0.518848,0.43378],[0.528804,0.43378],[0.538759,0.43378],[0.548715,0.43378],[0.558671,0.43378],[0.568626,0.43378],[0.578582,0.43378],[0.588538,0.43378],[0.598499,0.433774],[0.608441,0.433242],[0.618298,0.431855],[0.627999,0.429621],[0.637469,0.426557],[0.64664,0.422688],[0.655443,0.418042],[0.663812,0.412655],[0.671686,0.406565],[0.679006,0.399819],[0.685716,0.392464],[0.691765,0.384556]],
"inputs": [[0.221,0.55,90],[0.277134,0.55,90],[0.333282,0.55,90],[0.389424,0.55,90],[0.445567,0.55,90],[0.50171,0.55,90],[0.557854,0.55,90],[0.613998,0.55,90],[0.670141,0.55,90],[0.726281,0.55,90],[0.78242,0.55,90]],
"outputs": [[0.221,-0.25,270],[0.277134,-0.25,270],[0.333282,-0.25,270],[0.389424,-0.25,270],[0.445567,-0.25,270],[0.50171,-0.25,270],[0.557854,-0.25,270],[0.613998,-0.25,270],[0.670141,-0.25,270],[0.726281,-0.25,270],[0.78242,-0.25,270]],
"icon": [[0.392,0.042],[0.608,0.258]]
}