{
"name": "_flower_rounded",
"flags": {
	"0": { "outline": [[0.285374,0.217621],[0.281438,0.22372],[0.278314,0.230267],[0.276138,0.23716],[0.274994,0.244276],[0.2749,0.25153],[0.275825,0.258705],[0.277694,0.265695],[0.280448,0.272405],[0.28401,0.278652],[0.288357,0.284424],[0.293443,0.289573],[0.299185,0.293966],[0.305491,0.297507],[0.312233,0.300116],[0.31928,0.30175],[0.32648,0.302401],[0.333715,0.302107],[0.412857,0.293502],[0.418498,0.295412],[0.450616,0.368254],[0.453787,0.374765],[0.457743,0.380825],[0.462471,0.386292],[0.467919,0.391048],[0.473987,0.394979],[0.480556,0.398007],[0.487477,0.400088],[0.494627,0.401224],[0.5,0.403332],[0.5,0.432281],[0.497828,0.437321],[0.490605,0.436865],[0.483441,0.435841],[0.476381,0.434251],[0.46947,0.4321],[0.462757,0.429395],[0.456288,0.426149],[0.450114,0.422379],[0.444277,0.418105],[0.438821,0.413358],[0.433782,0.408172],[0.429191,0.402584],[0.42507,0.396638],[0.421432,0.390377],[0.418277,0.383835],[0.397838,0.337481],[0.394498,0.331587],[0.336904,0.337843],[0.329567,0.338274],[0.322413,0.338137],[0.315167,0.337417],[0.308063,0.336114],[0.301088,0.334224],[0.294274,0.331747],[0.287723,0.328722],[0.281413,0.32514],[0.27545,0.321067],[0.269815,0.316499],[0.264585,0.311506],[0.25976,0.306097],[0.255385,0.30033],[0.251476,0.294232],[0.248059,0.287845],[0.245158,0.281213],[0.24279,0.274365],[0.240979,0.267361],[0.239737,0.260221],[0.239085,0.253021],[0.23903,0.245775],[0.239578,0.238565],[0.24073,0.231424],[0.242483,0.224387],[0.244798,0.217571],[0.247718,0.210857],[0.251074,0.204572],[0.25501,0.198409],[0.289227,0.151617],[0.295644,0.150001],[0.33183,0.150001],[0.332394,0.153386]] },
	"1": { "outline": [[0.451249,-0.0696847],[0.419129,0.00315726],[0.414411,0.00666606],[0.335268,-0.00193965],[0.32805,-0.0024146],[0.320822,-0.0019739],[0.313735,-0.000554383],[0.306912,0.00184645],[0.300501,0.00519031],[0.294625,0.00940889],[0.289395,0.0143992],[0.284881,0.0200493],[0.28113,0.0262371],[0.278213,0.0328202],[0.276148,0.039762],[0.27501,0.0469314],[0.27488,0.0541382],[0.275804,0.0613346],[0.277756,0.0682644],[0.280674,0.074876],[0.284433,0.0810631],[0.33147,0.145352],[0.333396,0.15],[0.297209,0.15],[0.290152,0.149646],[0.255939,0.102905],[0.251875,0.0967714],[0.248395,0.0905114],[0.245379,0.0838932],[0.242932,0.0770921],[0.241061,0.0701181],[0.239776,0.0629789],[0.239098,0.055798],[0.239022,0.0485403],[0.239545,0.0413386],[0.240662,0.034171],[0.242349,0.0271402],[0.244601,0.0202499],[0.247388,0.0135691],[0.250695,0.00712514],[0.2545,0.000961319],[0.258776,-0.00488009],[0.263505,-0.0103693],[0.26865,-0.0154555],[0.274199,-0.0201176],[0.280096,-0.0243015],[0.28633,-0.0279906],[0.292841,-0.031142],[0.299591,-0.0337353],[0.30656,-0.0357595],[0.313612,-0.0371831],[0.320892,-0.0380352],[0.328005,-0.0382915],[0.335304,-0.0379856],[0.34258,-0.0372324],[0.392944,-0.0317557],[0.397207,-0.0360507],[0.417647,-0.0824056],[0.420716,-0.0889997],[0.424245,-0.0953138],[0.428259,-0.101326],[0.432747,-0.106992],[0.43769,-0.112268],[0.44306,-0.117115],[0.448824,-0.121498],[0.454932,-0.125381],[0.461342,-0.128742],[0.468006,-0.131564],[0.474877,-0.133835],[0.481908,-0.135546],[0.489053,-0.136692],[0.496267,-0.137271],[0.5,-0.133842],[0.5,-0.104894],[0.496178,-0.101346],[0.489006,-0.100413],[0.482023,-0.0985363],[0.475366,-0.0957105],[0.469179,-0.0919685],[0.463589,-0.0873839],[0.458694,-0.0820529],[0.454575,-0.0761192]] },
	"2": { "outline": [[0.665129,0.15],[0.712152,0.0857628],[0.716404,0.079825],[0.719994,0.0735586],[0.722718,0.0668891],[0.724472,0.0598666],[0.725175,0.0526657],[0.724832,0.0454388],[0.723504,0.0383447],[0.721258,0.031451],[0.718159,0.0249334],[0.714256,0.0188552],[0.709586,0.0133243],[0.704216,0.00848261],[0.698223,0.00443633],[0.691718,0.00127995],[0.68483,-0.000922903],[0.677701,-0.00214259],[0.670467,-0.00238706],[0.663257,-0.00177933],[0.584115,0.00682634],[0.580273,0.00180058],[0.548133,-0.0710456],[0.544645,-0.0773793],[0.54036,-0.083205],[0.535319,-0.088388],[0.529596,-0.0928085],[0.5233,-0.0963678],[0.516569,-0.0989986],[0.509528,-0.100681],[0.502344,-0.101424],[0.5,-0.106378],[0.5,-0.135327],[0.505216,-0.137198],[0.512419,-0.136503],[0.519545,-0.135241],[0.526547,-0.133414],[0.533379,-0.13103],[0.539993,-0.128097],[0.546343,-0.124628],[0.552383,-0.120643],[0.558068,-0.116164],[0.563358,-0.111222],[0.56822,-0.10585],[0.572611,-0.10011],[0.576522,-0.0940363],[0.579946,-0.0876733],[0.582952,-0.0810483],[0.603391,-0.034694],[0.60853,-0.031916],[0.658893,-0.0373926],[0.666205,-0.0380952],[0.673467,-0.0382839],[0.68061,-0.0379091],[0.687852,-0.0369371],[0.694853,-0.0354002],[0.701815,-0.0332482],[0.708503,-0.030546],[0.714974,-0.0272757],[0.721136,-0.0234864],[0.72697,-0.0191988],[0.732436,-0.0144487],[0.737499,-0.009276],[0.742137,-0.00371215],[0.746318,0.00219825],[0.750023,0.00842229],[0.753225,0.0149174],[0.755904,0.021644],[0.758042,0.0285668],[0.759614,0.0356276],[0.760611,0.0428139],[0.761012,0.0500209],[0.760811,0.057288],[0.760012,0.0644404],[0.758599,0.0715757],[0.756617,0.0784888],[0.754045,0.0852746],[0.75094,0.0918009],[0.747341,0.098037],[0.743174,0.104123],[0.713249,0.145001],[0.708548,0.15]] },
	"3": { "outline": [[0.500003,0.40147],[0.507235,0.40102],[0.514326,0.399645],[0.521179,0.397316],[0.527628,0.394051],[0.533548,0.389898],[0.538819,0.384947],[0.543353,0.379314],[0.5471,0.373128],[0.550136,0.366548],[0.582254,0.293706],[0.588996,0.293704],[0.660944,0.301528],[0.668143,0.302268],[0.675385,0.302326],[0.682558,0.301424],[0.689537,0.299537],[0.696182,0.296682],[0.702354,0.292914],[0.707937,0.288315],[0.712834,0.282999],[0.716995,0.277072],[0.720363,0.270681],[0.722876,0.263923],[0.724512,0.256859],[0.725179,0.249661],[0.724816,0.242445],[0.723399,0.235355],[0.720956,0.228511],[0.717634,0.222125],[0.713529,0.216119],[0.666505,0.151882],[0.670033,0.150001],[0.706219,0.150001],[0.711874,0.15312],[0.741798,0.193998],[0.74606,0.199983],[0.749845,0.20618],[0.753086,0.21256],[0.755856,0.219319],[0.758016,0.226151],[0.759625,0.233262],[0.760619,0.240404],[0.761014,0.247646],[0.760804,0.254876],[0.759999,0.262071],[0.758609,0.269178],[0.756652,0.276147],[0.754145,0.282943],[0.751109,0.289515],[0.747564,0.295831],[0.743533,0.301847],[0.73904,0.307526],[0.734107,0.312832],[0.728772,0.317717],[0.723042,0.322166],[0.716995,0.32611],[0.710596,0.329562],[0.704,0.332437],[0.69711,0.334773],[0.690131,0.336503],[0.682965,0.33766],[0.675763,0.338225],[0.668561,0.338218],[0.661208,0.337644],[0.610844,0.332168],[0.60433,0.332564],[0.580951,0.385556],[0.57769,0.391994],[0.573921,0.398191],[0.569673,0.404056],[0.564961,0.409549],[0.559809,0.414628],[0.55425,0.419256],[0.548322,0.423402],[0.542068,0.427038],[0.535533,0.430145],[0.528766,0.432708],[0.521813,0.434714],[0.514722,0.436159],[0.507538,0.437037],[0.500308,0.437346],[0.5,0.430417]] }
},