{
"name": "_x5",
"flags": {
	"0": { "outline": [[0.49,0.5112],[0.4522,0.5082],[0.3294,0.4686],[0.2284,0.3882],[0.1618,0.2776],[0.1388,0.16],[-0.0692,0.1596],[-0.063,0.2392],[-0.0422,0.3262],[-0.00800002,0.4088],[0.0388,0.485],[0.097,0.553],[0.165,0.6112],[0.2412,0.658],[0.3238,0.6922],[0.4108,0.713],[0.4932,0.7194],[0.49,0.5112]] },
	"1": { "outline": [[0.1388,0.1316],[0.1618,0.0138],[0.2284,-0.0968],[0.3294,-0.177],[0.4522,-0.2166],[0.49,-0.2196],[0.493,-0.4194],[0.4108,-0.413],[0.3238,-0.3922],[0.2412,-0.358],[0.165,-0.3112],[0.097,-0.253],[0.0388,-0.185],[-0.00800002,-0.1088],[-0.0422,-0.0262],[-0.063,0.0608],[-0.0686,0.132],[0.1388,0.1316]] },
	"2": { "outline": [[1.063,0.0608],[1.0422,-0.0262],[1.008,-0.1088],[0.9612,-0.185],[0.903,-0.253],[0.835,-0.3112],[0.7588,-0.358],[0.6762,-0.3922],[0.5892,-0.413],[0.5088,-0.4194],[0.512,-0.2196],[0.5496,-0.2166],[0.6726,-0.177],[0.7736,-0.0968],[0.84,0.0138],[0.8632,0.1316],[1.0686,0.132],[1.063,0.0608]] },
	"3": { "outline": [[0.5892,0.713],[0.6762,0.6922],[0.7588,0.658],[0.835,0.6112],[0.903,0.553],[0.9612,0.485],[1.008,0.4088],[1.0422,0.3262],[1.063,0.2392],[1.0692,0.1596],[0.8632,0.16],[0.84,0.2776],[0.7736,0.3882],[0.6726,0.4686],[0.5496,0.5082],[0.512,0.5112],[0.5088,0.7194],[0.5892,0.713]] }
},
"outline": [[-0.0700001,0.15],[-0.063,0.2392],[-0.0422,0.3262],[-0.00800002,0.4088],[0.0388,0.485],[0.097,0.553],[0.165,0.6112],[0.2412,0.658],[0.3238,0.6922],[0.4108,0.713],[0.5,0.72],[0.5892,0.713],[0.6762,0.6922],[0.7588,0.658],[0.835,0.6112],[0.903,0.553],[0.9612,0.485],[1.008,0.4088],[1.0422,0.3262],[1.063,0.2392],[1.07,0.15],[1.063,0.0608],[1.0422,-0.0262],[1.008,-0.1088],[0.9612,-0.185],[0.903,-0.253],[0.835,-0.3112],[0.7588,-0.358],[0.6762,-0.3922],[0.5892,-0.413],[0.5,-0.42],[0.4108,-0.413],[0.3238,-0.3922],[0.2412,-0.358],[0.165,-0.3112],[0.097,-0.253],[0.0388,-0.185],[-0.00800002,-0.1088],[-0.0422,-0.0262],[-0.063,0.0608],[-0.0700001,0.15]],
"inputs": [[-0.12,0.5778,137.804],[-0.02202,0.685873,133.204],[0.0918376,0.776757,122.861],[0.221502,0.84318,111.407],[0.361765,0.882578,100.193],[0.506994,0.894513,89.3834],[0.651934,0.879455,78.5801],[0.791326,0.837079,67.3867],[0.919582,0.767971,55.9814],[1.03164,0.674871,45.7036],[1.1276,0.565,41.1332]],
"outputs": [[-0.12,-0.2728,222.196],[-0.02202,-0.380873,226.796],[0.0918376,-0.471757,237.139],[0.221502,-0.53818,248.593],[0.361765,-0.577578,259.807],[0.506994,-0.589514,270.617],[0.651934,-0.574455,281.42],[0.791326,-0.532079,292.613],[0.919582,-0.462971,304.019],[1.03164,-0.369871,314.296],[1.1276,-0.26,318.867]],
"icon": [[0.26,-0.09],[0.74,0.39]]
}