{
"name": "_box_rounded",
"flags": {
	"0": { "outline": [[0.316909,0.333091],[0.303805,0.313656],[0.299,0.289856],[0.299,0.15],[0.2,0.15],[0.2,0.3],[0.205358,0.339876],[0.220479,0.375708],[0.243934,0.406066],[0.274292,0.429521],[0.310124,0.444642],[0.35,0.45],[0.5,0.45],[0.5,0.351],[0.360144,0.351],[0.336344,0.346195],[0.316909,0.333091]] },
	"1": { "outline": [[0.316909,-0.0330913],[0.336344,-0.046195],[0.360144,-0.051],[0.5,-0.051],[0.5,-0.15],[0.35,-0.15],[0.310124,-0.144642],[0.274292,-0.129521],[0.243934,-0.106066],[0.220479,-0.0757079],[0.205358,-0.039876],[0.2,2.98023e-08],[0.2,0.15],[0.299,0.15],[0.299,0.0101442],[0.303805,-0.0136559],[0.316909,-0.0330913]] },
	"2": { "outline": [[0.683091,-0.0330913],[0.696195,-0.0136559],[0.701,0.0101442],[0.701,0.15],[0.8,0.15],[0.8,5.96046e-08],[0.794642,-0.0398759],[0.779521,-0.0757079],[0.756066,-0.106066],[0.725708,-0.129521],[0.689876,-0.144642],[0.65,-0.15],[0.5,-0.15],[0.5,-0.051],[0.639856,-0.051],[0.663656,-0.046195],[0.683091,-0.0330913]] },
	"3": { "outline": [[0.683091,0.333091],[0.663656,0.346195],[0.639856,0.351],[0.5,0.351],[0.5,0.45],[0.65,0.45],[0.689876,0.444642],[0.725708,0.429521],[0.756066,0.406066],[0.779521,0.375708],[0.794642,0.339876],[0.8,0.3],[0.8,0.15],[0.701,0.15],[0.701,0.289856],[0.696195,0.313656],[0.683091,0.333091]] }
},
"outline": [[0.5,-0.15],[0.35,-0.15],[0.310124,-0.144642],[0.274292,-0.129521],[0.243934,-0.106066],[0.220479,-0.0757078],[0.205358,-0.0398759],[0.2,1.49012e-08],[0.2,0.3],[0.205358,0.339876],[0.220479,0.375708],[0.243934,0.406066],[0.274292,0.429521],[0.310124,0.444642],[0.35,0.45],[0.65,0.45],[0.689876,0.444642],[0.725708,0.429521],[0.756066,0.406066],[0.779521,0.375708],[0.794642,0.339876],[0.8,0.3],[0.8,5.96046e-08],[0.794642,-0.0398759],[0.779521,-0.0757079],[0.756066,-0.106066],[0.725708,-0.129521],[0.689876,-0.144642],[0.65,-0.15],[0.5,-0.15]],
"inputs": [[0.221,0.55,90],[0.277134,0.55,90],[0.333282,0.55,90],[0.389424,0.55,90],[0.445567,0.55,90],[0.50171,0.55,90],[0.557854,0.55,90],[0.613998,0.55,90],[0.670141,0.55,90],[0.726281,0.55,90],[0.78242,0.55,90]],
"outputs": [[0.221,-0.25,270],[0.277134,-0.25,270],[0.333282,-0.25,270],[0.389424,-0.25,270],[0.445567,-0.25,270],[0.50171,-0.25,270],[0.557854,-0.25,270],[0.613998,-0.25,270],[0.670141,-0.25,270],[0.726281,-0.25,270],[0.78242,-0.25,270]],
"icon": [[0.392,0.042],[0.608,0.258]]
}