{
"name": "_star_rounded",
"flags": {
	"0": { "outline": [[0.344724,0.0830146],[0.341807,0.0893582],[0.338289,0.0953895],[0.334199,0.101049],[0.329574,0.106279],[0.324454,0.111027],[0.31894,0.115316],[0.257713,0.161734],[0.252208,0.166084],[0.24734,0.171059],[0.243288,0.176754],[0.240239,0.183021],[0.238269,0.189713],[0.237402,0.196644],[0.237609,0.203622],[0.23885,0.210491],[0.241101,0.217079],[0.244322,0.22328],[0.248422,0.22892],[0.253348,0.233859],[0.259018,0.237938],[0.265272,0.241011],[0.271958,0.243023],[0.278851,0.243987],[0.285873,0.244187],[0.36269,0.245753],[0.369677,0.246063],[0.376591,0.24703],[0.383377,0.248674],[0.38997,0.250976],[0.396307,0.253911],[0.40233,0.257446],[0.407982,0.261548],[0.413211,0.266178],[0.417966,0.271293],[0.422198,0.276847],[0.425865,0.282789],[0.428929,0.289063],[0.431388,0.295609],[0.456615,0.368183],[0.458972,0.374801],[0.462009,0.381065],[0.465978,0.386807],[0.470824,0.391816],[0.476447,0.395957],[0.48266,0.399127],[0.489289,0.401296],[0.49618,0.402454],[0.500427,0.405377],[0.500427,0.426331],[0.495744,0.428483],[0.488803,0.427708],[0.481968,0.426274],[0.475302,0.424185],[0.468876,0.421451],[0.462758,0.418088],[0.457014,0.414119],[0.451709,0.409582],[0.446901,0.404522],[0.442635,0.398996],[0.438944,0.393071],[0.43584,0.386814],[0.433315,0.380276],[0.405778,0.301103],[0.402823,0.294783],[0.39893,0.288988],[0.394194,0.283864],[0.388727,0.279525],[0.382661,0.276075],[0.376136,0.273596],[0.369307,0.272151],[0.362334,0.27173],[0.285517,0.270165],[0.278457,0.269987],[0.27144,0.269314],[0.264666,0.268011],[0.257912,0.266008],[0.251503,0.263374],[0.245317,0.260053],[0.239558,0.256145],[0.234199,0.251642],[0.229338,0.246635],[0.224991,0.24116],[0.221202,0.23529],[0.217993,0.22908],[0.215391,0.222593],[0.213414,0.215887],[0.212084,0.209027],[0.211415,0.202065],[0.211426,0.195084],[0.212126,0.188124],[0.213518,0.181289],[0.215604,0.174616],[0.218359,0.168211],[0.221767,0.162111],[0.225768,0.156406],[0.230334,0.15111],[0.235353,0.14631],[0.240917,0.141867],[0.302143,0.0954481],[0.30768,0.0911892],[0.312676,0.0863167],[0.31686,0.0807322],[0.320138,0.0745722],[0.325484,0.0747143]] },
	"1": { "outline": [[0.391127,-0.0939388],[0.385161,-0.097519],[0.37874,-0.100187],[0.371975,-0.10179],[0.365037,-0.102247],[0.358119,-0.101547],[0.351398,-0.0997577],[0.345022,-0.0969781],[0.339119,-0.0932982],[0.333813,-0.0888],[0.329233,-0.0835651],[0.32551,-0.0776884],[0.32278,-0.0712932],[0.321143,-0.064537],[0.320634,-0.057602],[0.321221,-0.0506694],[0.322814,-0.0438983],[0.347001,0.0360509],[0.348652,0.0428104],[0.349629,0.0497006],[0.349925,0.0566527],[0.349541,0.0636003],[0.348484,0.0704777],[0.346769,0.0772212],[0.343973,0.0826921],[0.3248,0.0744193],[0.321798,0.0701815],[0.32341,0.0634167],[0.32397,0.0564854],[0.323461,0.0495503],[0.321893,0.0427733],[0.297702,-0.0371934],[0.296004,-0.0440772],[0.294989,-0.0508476],[0.294625,-0.057882],[0.294961,-0.0647641],[0.296016,-0.0716945],[0.297755,-0.0783892],[0.300197,-0.0849428],[0.30327,-0.0911716],[0.306962,-0.0970886],[0.311206,-0.102604],[0.315967,-0.107691],[0.321188,-0.1123],[0.326822,-0.116397],[0.332817,-0.119942],[0.339125,-0.122902],[0.34568,-0.125238],[0.352447,-0.126926],[0.359319,-0.127927],[0.366306,-0.12823],[0.373212,-0.12782],[0.38013,-0.126686],[0.38678,-0.124884],[0.393361,-0.122368],[0.399486,-0.119315],[0.405509,-0.115578],[0.474088,-0.0678587],[0.480044,-0.0642662],[0.486477,-0.0616245],[0.493239,-0.0600002],[0.500169,-0.0594286],[0.500427,-0.052725],[0.500427,-0.0388041],[0.49882,-0.0334661],[0.49188,-0.0339559],[0.48502,-0.0351186],[0.478307,-0.0369486],[0.471806,-0.0394298],[0.46558,-0.042536],[0.459684,-0.0462319]] },
	"2": { "outline": [[0.678821,0.0432414],[0.677323,0.050033],[0.676888,0.0569736],[0.677523,0.0638987],[0.679207,0.0706462],[0.675604,0.074613],[0.656432,0.0828858],[0.653942,0.076754],[0.652273,0.0699991],[0.651263,0.0631147],[0.650927,0.0561649],[0.65127,0.0492154],[0.652295,0.0423327],[0.653993,0.0355825],[0.67818,-0.044366],[0.679708,-0.051154],[0.680219,-0.0580905],[0.679631,-0.065018],[0.677915,-0.0717547],[0.67511,-0.0781184],[0.671322,-0.0839528],[0.666687,-0.0891389],[0.661335,-0.0935824],[0.655395,-0.0972021],[0.648991,-0.0999156],[0.642251,-0.101632],[0.635326,-0.102252],[0.628394,-0.101714],[0.621648,-0.100032],[0.615255,-0.0972937],[0.609325,-0.0936575],[0.540762,-0.0459505],[0.534841,-0.0422955],[0.528593,-0.0392327],[0.522076,-0.036797],[0.515351,-0.0350139],[0.508483,-0.0338989],[0.501539,-0.0334568],[0.500427,-0.0392983],[0.500427,-0.0532192],[0.501179,-0.0594341],[0.508102,-0.0600811],[0.514847,-0.0617793],[0.521249,-0.0644904],[0.527171,-0.0681409],[0.595767,-0.115866],[0.601799,-0.119554],[0.607935,-0.122561],[0.614544,-0.125036],[0.621198,-0.126788],[0.628133,-0.127872],[0.635046,-0.128232],[0.642025,-0.127879],[0.648893,-0.126828],[0.655646,-0.125094],[0.662186,-0.122712],[0.668472,-0.119709],[0.674443,-0.116124],[0.68005,-0.11199],[0.68524,-0.107346],[0.689967,-0.102226],[0.694172,-0.0966825],[0.697824,-0.090738],[0.70085,-0.0844892],[0.703243,-0.0779231],[0.704935,-0.0712104],[0.705939,-0.0642835],[0.706227,-0.0573878],[0.705815,-0.0503724],[0.704753,-0.0435935],[0.703005,-0.0367029]] },
	"3": { "outline": [[0.720095,0.270067],[0.636292,0.271776],[0.629346,0.272497],[0.622598,0.274276],[0.616205,0.277071],[0.610313,0.280815],[0.605066,0.285416],[0.600585,0.290771],[0.596985,0.296745],[0.594328,0.303207],[0.56679,0.382396],[0.564094,0.388829],[0.560806,0.394985],[0.556929,0.400792],[0.552484,0.40618],[0.547509,0.411084],[0.542055,0.415447],[0.536183,0.419227],[0.529958,0.422393],[0.523448,0.424922],[0.516723,0.426803],[0.509847,0.428027],[0.502886,0.428591],[0.500427,0.424106],[0.500427,0.403151],[0.506884,0.402197],[0.513704,0.400716],[0.520226,0.398225],[0.52628,0.394735],[0.531661,0.390312],[0.536242,0.385045],[0.539909,0.379123],[0.542675,0.372682],[0.570196,0.293506],[0.572831,0.287037],[0.576091,0.280859],[0.579944,0.275034],[0.584349,0.269614],[0.58926,0.264648],[0.59463,0.260183],[0.600405,0.256257],[0.606534,0.25291],[0.612958,0.250174],[0.619619,0.248079],[0.626454,0.246648],[0.633396,0.2459],[0.640389,0.245707],[0.717207,0.244142],[0.724198,0.243791],[0.731064,0.242497],[0.737627,0.240146],[0.743719,0.236739],[0.749155,0.232377],[0.753832,0.22719],[0.757662,0.221349],[0.760584,0.215005],[0.762509,0.208325],[0.763424,0.2014],[0.763293,0.194414],[0.762078,0.18755],[0.759758,0.180971],[0.756372,0.174863],[0.752052,0.169403],[0.746946,0.164649],[0.68014,0.113971],[0.674718,0.10957],[0.669751,0.104662],[0.665291,0.0992892],[0.661381,0.0935054],[0.658052,0.0873673],[0.658177,0.0821325],[0.677417,0.0738307],[0.681659,0.0765928],[0.685236,0.0825851],[0.68969,0.0879558],[0.694922,0.0925757],[0.761727,0.143225],[0.767171,0.147809],[0.771992,0.152705],[0.776437,0.158199],[0.780223,0.163985],[0.783451,0.170236],[0.785982,0.1767],[0.787857,0.183462],[0.789026,0.190333],[0.789506,0.197315],[0.789298,0.204295],[0.788416,0.211232],[0.786878,0.218049],[0.784699,0.224691],[0.781901,0.231095],[0.778503,0.237206],[0.774535,0.242953],[0.770011,0.248294],[0.764999,0.253135],[0.759483,0.257469],[0.753611,0.261177],[0.747315,0.264294],[0.740828,0.266715],[0.734005,0.268505],[0.727208,0.269597]] }
},