{
"name": "_circle_small",
"flags": {
	"0": { "outline": [[0.4973,0.247524],[0.487094,0.246714],[0.453938,0.236022],[0.426668,0.214314],[0.408686,0.184452],[0.402476,0.1527],[0.32924,0.15288],[0.3311,0.17676],[0.33734,0.20286],[0.3476,0.22764],[0.36164,0.2505],[0.3791,0.2709],[0.3995,0.28836],[0.42236,0.3024],[0.44714,0.31266],[0.47324,0.3189],[0.49796,0.32082],[0.4973,0.247524]] },
	"1": { "outline": [[0.402476,0.145032],[0.408686,0.113226],[0.426668,0.083364],[0.453938,0.06171],[0.487094,0.051018],[0.4973,0.050208],[0.4979,-0.02082],[0.47324,-0.0189],[0.44714,-0.01266],[0.42236,-0.00240001],[0.3995,0.01164],[0.3791,0.0291],[0.36164,0.0495],[0.3476,0.07236],[0.33734,0.09714],[0.3311,0.12324],[0.32942,0.1446],[0.402476,0.145032]] },
	"2": { "outline": [[0.6689,0.12324],[0.66266,0.09714],[0.6524,0.07236],[0.63836,0.0495],[0.6209,0.0291],[0.6005,0.01164],[0.57764,-0.00240001],[0.55286,-0.01266],[0.52676,-0.0189],[0.50264,-0.02082],[0.50324,0.050208],[0.513392,0.051018],[0.546602,0.06171],[0.573872,0.083364],[0.5918,0.113226],[0.598064,0.145032],[0.67058,0.1446],[0.6689,0.12324]] },
	"3": { "outline": [[0.52676,0.3189],[0.55286,0.31266],[0.57764,0.3024],[0.6005,0.28836],[0.6209,0.2709],[0.63836,0.2505],[0.6524,0.22764],[0.66266,0.20286],[0.6689,0.17676],[0.67076,0.15288],[0.598064,0.1527],[0.5918,0.184452],[0.573872,0.214314],[0.546602,0.236022],[0.513392,0.246714],[0.50324,0.247524],[0.50264,0.32082],[0.52676,0.3189]] }
},
"outline": [[0.329,0.15],[0.3311,0.17676],[0.33734,0.20286],[0.3476,0.22764],[0.36164,0.2505],[0.3791,0.2709],[0.3995,0.28836],[0.42236,0.3024],[0.44714,0.31266],[0.47324,0.3189],[0.5,0.321],[0.52676,0.3189],[0.55286,0.31266],[0.57764,0.3024],[0.6005,0.28836],[0.6209,0.2709],[0.63836,0.2505],[0.6524,0.22764],[0.66266,0.20286],[0.6689,0.17676],[0.671,0.15],[0.6689,0.12324],[0.66266,0.09714],[0.6524,0.07236],[0.63836,0.0495],[0.6209,0.0291],[0.6005,0.01164],[0.57764,-0.00240001],[0.55286,-0.01266],[0.52676,-0.0189],[0.5,-0.021],[0.47324,-0.0189],[0.44714,-0.01266],[0.42236,-0.00240001],[0.3995,0.01164],[0.3791,0.0291],[0.36164,0.0495],[0.3476,0.07236],[0.33734,0.09714],[0.3311,0.12324],[0.329,0.15]],
"inputs": [[0.2768,0.304008,137.804],[0.312073,0.342914,133.204],[0.353062,0.375633,122.861],[0.399741,0.399545,111.407],[0.450236,0.413728,100.193],[0.502518,0.418025,89.3834],[0.554696,0.412604,78.5801],[0.604877,0.397349,67.3867],[0.65105,0.372469,55.9814],[0.691391,0.338954,45.7036],[0.725936,0.2994,41.1332]],
"outputs": [[0.2768,-0.00220801,222.196],[0.312073,-0.0411142,226.796],[0.353062,-0.0738326,237.139],[0.399741,-0.0977449,248.593],[0.450236,-0.111928,259.807],[0.502518,-0.116225,270.617],[0.554696,-0.110804,281.42],[0.604877,-0.0955486,292.613],[0.65105,-0.0706694,304.019],[0.691391,-0.0371538,314.296],[0.725936,0.0024,318.867]],
"icon": [[0.4424,0.0924],[0.5576,0.2076]]
}