{
"name": "box_rounded_45",
"flags": {
	"0": { "outline": [[0.379191,0.270809],[0.295132,0.18675],[0.283715,0.169557],[0.279909,0.15],[0.192188,0.15],[0.196337,0.182344],[0.208785,0.212968],[0.229532,0.240156],[0.409844,0.420468],[0.437031,0.441215],[0.467656,0.453663],[0.5,0.457812],[0.5,0.370091],[0.480443,0.366285],[0.46325,0.354868],[0.379191,0.270809]] },
	"1": { "outline": [[0.379191,0.0291908],[0.46325,-0.0548683],[0.480443,-0.0662851],[0.5,-0.0700907],[0.5,-0.157812],[0.467656,-0.153663],[0.437032,-0.141215],[0.409844,-0.120468],[0.229532,0.0598438],[0.208785,0.0870314],[0.196337,0.117656],[0.192188,0.15],[0.279909,0.15],[0.283715,0.130443],[0.295132,0.11325],[0.379191,0.0291908]] },
	"2": { "outline": [[0.620809,0.0291908],[0.704868,0.11325],[0.716285,0.130443],[0.720091,0.15],[0.807812,0.15],[0.803663,0.117656],[0.791215,0.0870315],[0.770468,0.0598439],[0.590156,-0.120468],[0.562969,-0.141215],[0.532344,-0.153663],[0.5,-0.157812],[0.5,-0.0700907],[0.519557,-0.066285],[0.53675,-0.0548683],[0.620809,0.0291908]] },
	"3": { "outline": [[0.620809,0.270809],[0.53675,0.354868],[0.519557,0.366285],[0.5,0.370091],[0.5,0.457812],[0.532344,0.453663],[0.562968,0.441215],[0.590156,0.420468],[0.770468,0.240156],[0.791215,0.212969],[0.803663,0.182344],[0.807812,0.15],[0.720091,0.15],[0.716285,0.169557],[0.704868,0.18675],[0.620809,0.270809]] }
},
"outline": [[0.319688,-0.0303122],[0.229532,0.0598439],[0.208785,0.0870314],[0.196337,0.117656],[0.192188,0.15],[0.196337,0.182344],[0.208785,0.212969],[0.229532,0.240156],[0.409844,0.420468],[0.437031,0.441215],[0.467656,0.453663],[0.5,0.457812],[0.532344,0.453663],[0.562968,0.441215],[0.590156,0.420468],[0.770468,0.240156],[0.791215,0.212969],[0.803663,0.182344],[0.807812,0.15],[0.803663,0.117656],[0.791215,0.0870313],[0.770468,0.0598439],[0.590156,-0.120468],[0.562969,-0.141215],[0.532344,-0.153663],[0.5,-0.157812],[0.467656,-0.153663],[0.437031,-0.141215],[0.409844,-0.120468],[0.319688,-0.0303122]],
"inputs": [[0.221,0.42473,130.378],[0.268378,0.465021,125.672],[0.321658,0.496986,115.91],[0.379739,0.519119,106.306],[0.440601,0.531781,97.6288],[0.502661,0.535584,89.5791],[0.564659,0.530869,81.5216],[0.625325,0.517299,72.811],[0.683046,0.494247,63.1554],[0.735783,0.461394,53.3272],[0.78242,0.42025,48.5806]],
"outputs": [[0.221,-0.12298,229.622],[0.268378,-0.163271,234.328],[0.321658,-0.195236,244.09],[0.379739,-0.217369,253.694],[0.440601,-0.230031,262.371],[0.502661,-0.233834,270.421],[0.564659,-0.229119,278.478],[0.625325,-0.215549,287.189],[0.683046,-0.192497,296.845],[0.735783,-0.159644,306.673],[0.78242,-0.1185,311.419]],
"icon": [[0.392,0.042],[0.608,0.258]]
}