{
"name": "capsule",
"flags": {
	"0": { "outline": [[0.00119919,0.121893],[-0.00116172,0.140581],[-0.00116172,0.159419],[0.00119919,0.178107],[0.00588378,0.196353],[0.0128182,0.213867],[0.0218931,0.230374],[0.0329653,0.245614],[0.0458602,0.259345],[0.0603745,0.271353],[0.0762792,0.281446],[0.0933236,0.289466],[0.111239,0.295287],[0.129742,0.298817],[0.146248,0.299856],[0.110709,0.00488468],[0.0933237,0.0105335],[0.0762793,0.018554],[0.0603746,0.0286474],[0.0458603,0.0406547],[0.0329653,0.0543864],[0.0218931,0.069626],[0.0128182,0.0861331],[0.00588381,0.103647]] },
	"1": { "outline": [[0.148542,0.3],[0.146248,0.299856],[0.110709,0.00488468],[0.111239,0.00471251],[0.129742,0.00118279],[0.26377,0.00096314],[0.297437,0.299756]] },
	"2": { "outline": [[0.888761,0.295287],[0.890667,0.294668],[0.848572,4.72913e-06],[0.710029,0.000231783],[0.747377,0.299019],[0.870258,0.298817]] },
	"3": { "outline": [[1.00116,0.159419],[0.998801,0.178107],[0.994116,0.196353],[0.987182,0.213867],[0.978107,0.230374],[0.967035,0.245614],[0.95414,0.259345],[0.939626,0.271353],[0.923721,0.281446],[0.906676,0.289467],[0.890667,0.294668],[0.848572,4.72913e-06],[0.851458,0],[0.870258,0.00118279],[0.888761,0.00471252],[0.906676,0.0105335],[0.923721,0.018554],[0.939626,0.0286475],[0.95414,0.0406547],[0.967035,0.0543864],[0.978107,0.069626],[0.987182,0.0861331],[0.994116,0.103647],[0.998801,0.121893],[1.00116,0.140581]] }
},
"outline": [[0.851458,0],[0.870258,0.00118279],[0.888761,0.00471252],[0.906676,0.0105335],[0.923721,0.018554],[0.939626,0.0286475],[0.95414,0.0406547],[0.967035,0.0543864],[0.978107,0.069626],[0.987182,0.0861331],[0.994116,0.103647],[0.998801,0.121893],[1.00116,0.140581],[1.00116,0.159419],[0.998801,0.178107],[0.994116,0.196353],[0.987182,0.213867],[0.978107,0.230374],[0.967035,0.245614],[0.95414,0.259345],[0.939626,0.271353],[0.923721,0.281446],[0.906676,0.289467],[0.888761,0.295287],[0.870258,0.298817],[0.148542,0.3],[0.129742,0.298817],[0.111239,0.295287],[0.0933236,0.289466],[0.0762792,0.281446],[0.0603745,0.271353],[0.0458602,0.259345],[0.0329653,0.245614],[0.0218931,0.230374],[0.0128182,0.213867],[0.00588378,0.196353],[0.00119919,0.178107],[-0.00116172,0.159419],[-0.00116172,0.140581],[0.00119919,0.121893],[0.00588381,0.103647],[0.0128182,0.0861331],[0.0218931,0.069626],[0.0329653,0.0543864],[0.0458603,0.0406547],[0.0603746,0.0286474],[0.0762793,0.018554],[0.0933237,0.0105335],[0.111239,0.00471251],[0.129742,0.00118279]],
"inputs": [[0.1,0.4,90],[0.2,0.4,90],[0.3,0.4,90],[0.4,0.4,90],[0.5,0.4,90],[0.6,0.4,90],[0.7,0.4,90],[0.8,0.4,90],[0.9,0.4,90]],
"outputs": [[0.1,-0.13,270],[0.2,-0.13,270],[0.3,-0.13,270],[0.4,-0.13,270],[0.5,-0.13,270],[0.6,-0.13,270],[0.7,-0.13,270],[0.8,-0.13,270],[0.9,-0.13,270]],
"icon": [[0.38,0.03],[0.62,0.27]]
}